title,price_EGP,image_url
Kamena Sun Sunscreen Cream SPF 26 - 150 ML,79.0,https://m.media-amazon.com/images/I/51rIhpWxzEL._AC_UL320_.jpg
Kamena Sun Sunscreen Cream SPF 26 - 150 ML,79.0,https://m.media-amazon.com/images/I/51rIhpWxzEL._AC_UL320_.jpg
Kamena Sun Sunscreen Cream SPF 26 - 150 ML,79.0,https://m.media-amazon.com/images/I/51rIhpWxzEL._AC_UL320_.jpg
Kolagra sun screen-50 ml,95.0,https://m.media-amazon.com/images/I/51W0EloTP8L._AC_UL320_.jpg
Kolagra sun screen-50 ml,95.0,https://m.media-amazon.com/images/I/51W0EloTP8L._AC_UL320_.jpg
Kolagra sun screen-50 ml,95.0,https://m.media-amazon.com/images/I/51W0EloTP8L._AC_UL320_.jpg
"Eva Skin Clinic Acne-Prone Sunscreen SPF +50, 40 ml",99.71,https://m.media-amazon.com/images/I/61yWLaHsHqL._AC_UL320_.jpg
"Eva Skin Clinic Acne-Prone Sunscreen SPF +50, 40 ml",99.71,https://m.media-amazon.com/images/I/61yWLaHsHqL._AC_UL320_.jpg
"Eva Skin Clinic Acne-Prone Sunscreen SPF +50, 40 ml",99.71,https://m.media-amazon.com/images/I/61yWLaHsHqL._AC_UL320_.jpg
Blankie Moisturizing Sunscreen SPF50+ - 120 ML,109.25,https://m.media-amazon.com/images/I/515zk8qUBdL._AC_UL320_.jpg
Blankie Moisturizing Sunscreen SPF50+ - 120 ML,109.25,https://m.media-amazon.com/images/I/515zk8qUBdL._AC_UL320_.jpg
Blankie Moisturizing Sunscreen SPF50+ - 120 ML,109.25,https://m.media-amazon.com/images/I/515zk8qUBdL._AC_UL320_.jpg
Infinity antishine sunscreen for oily skin,114.9,https://m.media-amazon.com/images/I/511dUA-LpSL._AC_UL320_.jpg
Infinity antishine sunscreen for oily skin,114.9,https://m.media-amazon.com/images/I/511dUA-LpSL._AC_UL320_.jpg
Infinity antishine sunscreen for oily skin,114.9,https://m.media-amazon.com/images/I/511dUA-LpSL._AC_UL320_.jpg
Star Ville Whitening Gel SPF 50+,115.0,https://m.media-amazon.com/images/I/610NFB6oSyL._AC_UL320_.jpg
Star Ville Whitening Gel SPF 50+,115.0,https://m.media-amazon.com/images/I/610NFB6oSyL._AC_UL320_.jpg
Star Ville Whitening Gel SPF 50+,115.0,https://m.media-amazon.com/images/I/610NFB6oSyL._AC_UL320_.jpg
Profit Sun Block Gel 50 ml,115.9,https://m.media-amazon.com/images/I/415zxfXlw2L._AC_UL320_.jpg
Profit Sun Block Gel 50 ml,115.9,https://m.media-amazon.com/images/I/415zxfXlw2L._AC_UL320_.jpg
Profit Sun Block Gel 50 ml,115.9,https://m.media-amazon.com/images/I/415zxfXlw2L._AC_UL320_.jpg
Bobana sunscreen lotion 150 ml 00,127.7,https://m.media-amazon.com/images/I/61fCaiLcGHL._AC_UL320_.jpg
Bobana sunscreen lotion 150 ml 00,127.7,https://m.media-amazon.com/images/I/61fCaiLcGHL._AC_UL320_.jpg
Cleo Hyaluronic Acid Sun Gel Cream SPF50+ - 50 ML,141.01,https://m.media-amazon.com/images/I/51eaHN5Zf6L._AC_UL320_.jpg
Cleo Hyaluronic Acid Sun Gel Cream SPF50+ - 50 ML,141.01,https://m.media-amazon.com/images/I/51eaHN5Zf6L._AC_UL320_.jpg
Cleo Hyaluronic Acid Sun Gel Cream SPF50+ - 50 ML,141.01,https://m.media-amazon.com/images/I/51eaHN5Zf6L._AC_UL320_.jpg
Dermatique Mattifying Fluid SPF50+,145.95,https://m.media-amazon.com/images/I/51oYuQhkPYL._AC_UL320_.jpg
Dermatique Mattifying Fluid SPF50+,145.95,https://m.media-amazon.com/images/I/51oYuQhkPYL._AC_UL320_.jpg
Dermatique Mattifying Fluid SPF50+,145.95,https://m.media-amazon.com/images/I/51oYuQhkPYL._AC_UL320_.jpg
SUNBLOCK PROFIT LOTION 60ML,152.0,https://m.media-amazon.com/images/I/51MWqwcufAL._AC_UL320_.jpg
SUNBLOCK PROFIT LOTION 60ML,152.0,https://m.media-amazon.com/images/I/51MWqwcufAL._AC_UL320_.jpg
SUNBLOCK PROFIT LOTION 60ML,152.0,https://m.media-amazon.com/images/I/51MWqwcufAL._AC_UL320_.jpg
"Eva Sun& Sea - Daily Moisturizer with SPF 50+, 40ml",159.99,https://m.media-amazon.com/images/I/51+XQXhH92L._AC_UL320_.jpg
Bobana sunscreen gel 150 ml 00,165.0,https://m.media-amazon.com/images/I/71wuDChrK5L._AC_UL320_.jpg
Bobana sunscreen gel 150 ml 00,165.0,https://m.media-amazon.com/images/I/71wuDChrK5L._AC_UL320_.jpg
Bobana sunscreen gel 150 ml 00,165.0,https://m.media-amazon.com/images/I/71wuDChrK5L._AC_UL320_.jpg
Bobai hydrocare sunscreen gel tinted spf 50 g,166.0,https://m.media-amazon.com/images/I/51k8pSOgS6L._AC_UL320_.jpg
Bobai hydrocare sunscreen gel tinted spf 50 g,166.0,https://m.media-amazon.com/images/I/51k8pSOgS6L._AC_UL320_.jpg
Bobai hydrocare sunscreen gel tinted spf 50 g,166.0,https://m.media-amazon.com/images/I/51k8pSOgS6L._AC_UL320_.jpg
VACATION Sunscreen Lotion Spray 200 ml,169.99,https://m.media-amazon.com/images/I/61KFpPA15FL._AC_UL320_.jpg
VACATION Sunscreen Lotion Spray 200 ml,169.99,https://m.media-amazon.com/images/I/61KFpPA15FL._AC_UL320_.jpg
VACATION Sunscreen Lotion Spray 200 ml,169.99,https://m.media-amazon.com/images/I/61KFpPA15FL._AC_UL320_.jpg
"Drakon Sunscreen Lotion Dry touch SPF 50+ UVA,UVB & Blue Light Protection, Water Resistant & Antioxidant for All Skin Types especially for oily & combined Skin - 200 ml",170.0,https://m.media-amazon.com/images/I/516LvVxCPSL._AC_UL320_.jpg
"Drakon Sunscreen Lotion Dry touch SPF 50+ UVA,UVB & Blue Light Protection, Water Resistant & Antioxidant for All Skin Types especially for oily & combined Skin - 200 ml",170.0,https://m.media-amazon.com/images/I/516LvVxCPSL._AC_UL320_.jpg
"Drakon Sunscreen Lotion Dry touch SPF 50+ UVA,UVB & Blue Light Protection, Water Resistant & Antioxidant for All Skin Types especially for oily & combined Skin - 200 ml",170.0,https://m.media-amazon.com/images/I/516LvVxCPSL._AC_UL320_.jpg
"Nano Treat SunScreen Dry Touch Gel Cream Ultra Light Gel With Spf 50 Pa++++ For Broad Spectrum, UVA, UVB High Protection - Non White Cast - Water Resistant -",176.01,https://m.media-amazon.com/images/I/71jf-zNjypL._AC_UL320_.jpg
"Nano Treat SunScreen Dry Touch Gel Cream Ultra Light Gel With Spf 50 Pa++++ For Broad Spectrum, UVA, UVB High Protection - Non White Cast - Water Resistant -",176.01,https://m.media-amazon.com/images/I/71jf-zNjypL._AC_UL320_.jpg
"Nano Treat SunScreen Dry Touch Gel Cream Ultra Light Gel With Spf 50 Pa++++ For Broad Spectrum, UVA, UVB High Protection - Non White Cast - Water Resistant -",176.01,https://m.media-amazon.com/images/I/71jf-zNjypL._AC_UL320_.jpg
Avec Lueur Day Cream SPF+30,180.0,https://m.media-amazon.com/images/I/51VpdUcCFbL._AC_UL320_.jpg
Avec Lueur Day Cream SPF+30,180.0,https://m.media-amazon.com/images/I/51VpdUcCFbL._AC_UL320_.jpg
Avec Lueur Day Cream SPF+30,180.0,https://m.media-amazon.com/images/I/51VpdUcCFbL._AC_UL320_.jpg
MELATIME SUN SCREEN SPF(50+) SUN GEL Cream 120 GM,188.0,https://m.media-amazon.com/images/I/51JSZhs1R6L._AC_UL320_.jpg
MELATIME SUN SCREEN SPF(50+) SUN GEL Cream 120 GM,188.0,https://m.media-amazon.com/images/I/51JSZhs1R6L._AC_UL320_.jpg
MELATIME SUN SCREEN SPF(50+) SUN GEL Cream 120 GM,188.0,https://m.media-amazon.com/images/I/51JSZhs1R6L._AC_UL320_.jpg
‎Dr. Rashel Dr. Rashel Whitening & moisturizing sun cream SPF 75,194.0,https://m.media-amazon.com/images/I/71qQz9q-CGL._AC_UL320_.jpg
Drakon Sunscreen Gel-Cream Dry touch SPF 50 (1+1) Promopack 60 gm+60 gm | UVA & UVB | Water Resistant & Antioxidant | All Skin Types especially for oily &combined Skin -,199.0,https://m.media-amazon.com/images/I/61UCA-At0LL._AC_UL320_.jpg
Drakon Sunscreen Gel-Cream Dry touch SPF 50 (1+1) Promopack 60 gm+60 gm | UVA & UVB | Water Resistant & Antioxidant | All Skin Types especially for oily &combined Skin -,199.0,https://m.media-amazon.com/images/I/61UCA-At0LL._AC_UL320_.jpg
MELATIME Sunscreen cream Extra Lighting 50gm,199.0,https://m.media-amazon.com/images/I/51Kx0RLH8EL._AC_UL320_.jpg
MELATIME Sunscreen cream Extra Lighting 50gm,199.0,https://m.media-amazon.com/images/I/51Kx0RLH8EL._AC_UL320_.jpg
Drakon Sunscreen Gel-Cream Dry touch SPF 50 (1+1) Promopack 60 gm+60 gm | UVA & UVB | Water Resistant & Antioxidant | All Skin Types especially for oily &combined Skin -,199.0,https://m.media-amazon.com/images/I/61UCA-At0LL._AC_UL320_.jpg
Melaite Melatime Gel Sunscreen SPF 50g,199.12,https://m.media-amazon.com/images/I/51l8cfhUWnL._AC_UL320_.jpg
Melaite Melatime Gel Sunscreen SPF 50g,199.12,https://m.media-amazon.com/images/I/51l8cfhUWnL._AC_UL320_.jpg
Melaite Melatime Gel Sunscreen SPF 50g,199.12,https://m.media-amazon.com/images/I/51l8cfhUWnL._AC_UL320_.jpg
Kolagra sunscreen gel(1+1),200.0,https://m.media-amazon.com/images/I/51VedonCavL._AC_UL320_.jpg
super kids Superkids sunscreen lotion 200 ml,200.0,https://m.media-amazon.com/images/I/61vGzbgJ2bL._AC_UL320_.jpg
super kids Superkids sunscreen lotion 200 ml,200.0,https://m.media-amazon.com/images/I/61vGzbgJ2bL._AC_UL320_.jpg
Kolagra sunscreen gel(1+1),200.0,https://m.media-amazon.com/images/I/51VedonCavL._AC_UL320_.jpg
super kids Superkids sunscreen lotion 200 ml,200.0,https://m.media-amazon.com/images/I/61vGzbgJ2bL._AC_UL320_.jpg
Kolagra sunscreen gel(1+1),200.0,https://m.media-amazon.com/images/I/51VedonCavL._AC_UL320_.jpg
Eva Skin Clinic Collagen Sun Block SPF50+ 50ml,204.0,https://m.media-amazon.com/images/I/81qU5nLF8cL._AC_UL320_.jpg
Eva Skin Clinic Collagen Sun Block SPF50+ 50ml,204.0,https://m.media-amazon.com/images/I/81qU5nLF8cL._AC_UL320_.jpg
Eva Skin Clinic Collagen Sun Block SPF50+ 50ml,204.0,https://m.media-amazon.com/images/I/81qU5nLF8cL._AC_UL320_.jpg
SkinSide Niacinamide Sun Gel Cream SPF50+ - 50 ml,208.76,https://m.media-amazon.com/images/I/61Y8-IgIVQL._AC_UL320_.jpg
SkinSide Niacinamide Sun Gel Cream SPF50+ - 50 ml,208.76,https://m.media-amazon.com/images/I/61Y8-IgIVQL._AC_UL320_.jpg
SkinSide Niacinamide Sun Gel Cream SPF50+ - 50 ml,208.76,https://m.media-amazon.com/images/I/61Y8-IgIVQL._AC_UL320_.jpg
Infinity Whitening Sunscreen SPF50+,221.51,https://m.media-amazon.com/images/I/41n-6Eh7ZWL._AC_UL320_.jpg
Infinity Whitening Sunscreen SPF50+,221.51,https://m.media-amazon.com/images/I/41n-6Eh7ZWL._AC_UL320_.jpg
YKR Natural Sunscreen with Hyaluronic Acid SPF 80+ – Superior Protection and Deep Hydration - 70GM,225.0,https://m.media-amazon.com/images/I/41y5gA4DT6L._AC_UL320_.jpg
YKR Natural Sunscreen with Hyaluronic Acid SPF 80+ – Superior Protection and Deep Hydration - 70GM,225.0,https://m.media-amazon.com/images/I/41y5gA4DT6L._AC_UL320_.jpg
Infinity Offer Anti-Shine Sunscreen for Oily And Combined Skin Pack Of 2 Pieces x 60 Ml,225.0,https://m.media-amazon.com/images/I/61tc8t8yQwL._AC_UL320_.jpg
Infinity Offer Anti-Shine Sunscreen for Oily And Combined Skin Pack Of 2 Pieces x 60 Ml,225.0,https://m.media-amazon.com/images/I/61tc8t8yQwL._AC_UL320_.jpg
Infinity Offer Anti-Shine Sunscreen for Oily And Combined Skin Pack Of 2 Pieces x 60 Ml,225.0,https://m.media-amazon.com/images/I/61tc8t8yQwL._AC_UL320_.jpg
YKR Natural Sunscreen with Hyaluronic Acid SPF 80+ – Superior Protection and Deep Hydration - 70GM,225.0,https://m.media-amazon.com/images/I/41y5gA4DT6L._AC_UL320_.jpg
Bobana Sunscreen Lotion 150 ML (1+1) Free,225.15,https://m.media-amazon.com/images/I/61YdSE4I-RL._AC_UL320_.jpg
Bobana Sunscreen Lotion 150 ML (1+1) Free,225.15,https://m.media-amazon.com/images/I/61YdSE4I-RL._AC_UL320_.jpg
Bobana Sunscreen Lotion 150 ML (1+1) Free,225.15,https://m.media-amazon.com/images/I/61YdSE4I-RL._AC_UL320_.jpg
BOBAI Sunscreen Oil Defense Fluid SPF 50+ 75 ml,243.0,https://m.media-amazon.com/images/I/51VHmZlpm1L._AC_UL320_.jpg
BOBAI Sunscreen Oil Defense Fluid SPF 50+ 75 ml,243.0,https://m.media-amazon.com/images/I/51VHmZlpm1L._AC_UL320_.jpg
BOBAI Sunscreen Oil Defense Fluid SPF 50+ 75 ml,243.0,https://m.media-amazon.com/images/I/51VHmZlpm1L._AC_UL320_.jpg
Eva Sun & Sea sunscreen spray lotion for Adults 200Ml,246.55,https://m.media-amazon.com/images/I/61Fmpjqmk8L._AC_UL320_.jpg
Eva Sun & Sea sunscreen spray lotion for Adults 200Ml,246.55,https://m.media-amazon.com/images/I/61Fmpjqmk8L._AC_UL320_.jpg
Eva Sun & Sea sunscreen spray lotion for Adults 200Ml,246.55,https://m.media-amazon.com/images/I/61Fmpjqmk8L._AC_UL320_.jpg
SUNBLOCK PROFIT LOTION 2 PACK 60ML 1+1,247.31,https://m.media-amazon.com/images/I/611OIS61XWL._AC_UL320_.jpg
SUNBLOCK PROFIT LOTION 2 PACK 60ML 1+1,247.31,https://m.media-amazon.com/images/I/611OIS61XWL._AC_UL320_.jpg
SUNBLOCK PROFIT LOTION 2 PACK 60ML 1+1,247.31,https://m.media-amazon.com/images/I/611OIS61XWL._AC_UL320_.jpg
Bobai sunscreen extra lightening gel spf 50,247.87,https://m.media-amazon.com/images/I/61oNC92LUDL._AC_UL320_.jpg
Bobai sunscreen extra lightening gel spf 50,247.87,https://m.media-amazon.com/images/I/61oNC92LUDL._AC_UL320_.jpg
Bobai sunscreen extra lightening gel spf 50,247.87,https://m.media-amazon.com/images/I/61oNC92LUDL._AC_UL320_.jpg
BOBAI Mist Spray 50+ Sunscreen 200ml,255.0,https://m.media-amazon.com/images/I/51IPsQhvFwL._AC_UL320_.jpg
BOBAI Mist Spray 50+ Sunscreen 200ml,255.0,https://m.media-amazon.com/images/I/51IPsQhvFwL._AC_UL320_.jpg
BOBAI Mist Spray 50+ Sunscreen 200ml,255.0,https://m.media-amazon.com/images/I/51IPsQhvFwL._AC_UL320_.jpg
Medinza See Lit Sunscreen Lotion (SPF 50+) 50gm,260.0,https://m.media-amazon.com/images/I/61fL8a06soL._AC_UL320_.jpg
Melatime Sunscreen Spray SPF 50+ - 200 ML,265.0,https://m.media-amazon.com/images/I/61WYNAQXEsL._AC_UL320_.jpg
Melatime Sunscreen Spray SPF 50+ - 200 ML,265.0,https://m.media-amazon.com/images/I/61WYNAQXEsL._AC_UL320_.jpg
Melatime Sunscreen Spray SPF 50+ - 200 ML,265.0,https://m.media-amazon.com/images/I/61WYNAQXEsL._AC_UL320_.jpg
"LUNA SUN CREAM sport performance SPF50+, 130ML",275.0,https://m.media-amazon.com/images/I/61txmQ0v5aL._AC_UL320_.jpg
"LUNA SUN CREAM sport performance SPF50+, 130ML",275.0,https://m.media-amazon.com/images/I/61txmQ0v5aL._AC_UL320_.jpg
"LUNA SUN CREAM sport performance SPF50+, 130ML",275.0,https://m.media-amazon.com/images/I/61txmQ0v5aL._AC_UL320_.jpg
Eva Sun & Sea Sunscreen for Adults with SPF 50+ (200ml),299.99,https://m.media-amazon.com/images/I/513yS5l8fKL._AC_UL320_.jpg
Eva Sun & Sea Sunscreen for Adults with SPF 50+ (200ml),299.99,https://m.media-amazon.com/images/I/513yS5l8fKL._AC_UL320_.jpg
Eva Sun & Sea Sunscreen for Adults with SPF 50+ (200ml),299.99,https://m.media-amazon.com/images/I/513yS5l8fKL._AC_UL320_.jpg
infinity sunscreen mist spray 50+ spf 1+1 120ml,355.0,https://m.media-amazon.com/images/I/61mt33zfoLL._AC_UL320_.jpg
infinity sunscreen mist spray 50+ spf 1+1 120ml,355.0,https://m.media-amazon.com/images/I/61mt33zfoLL._AC_UL320_.jpg
infinity sunscreen mist spray 50+ spf 1+1 120ml,355.0,https://m.media-amazon.com/images/I/61mt33zfoLL._AC_UL320_.jpg
Melatime Sunscreen SPF50+ Spray From Normal to Oily 200ml,360.0,https://m.media-amazon.com/images/I/41de-czvMPL._AC_UL320_.jpg
Melatime Sunscreen SPF50+ Spray From Normal to Oily 200ml,360.0,https://m.media-amazon.com/images/I/41de-czvMPL._AC_UL320_.jpg
Melatime Sunscreen SPF50+ Spray From Normal to Oily 200ml,360.0,https://m.media-amazon.com/images/I/41de-czvMPL._AC_UL320_.jpg
Nivea SUN FC_CRM SHN_CTRL SPF50 50ML,404.0,https://m.media-amazon.com/images/I/51PB1tsGZoL._AC_UL320_.jpg
"NIVEA SUN Lotion, UVA & UVB Sunscreen Protection, Protect & Moisture, SPF 30, 200ml",410.0,https://m.media-amazon.com/images/I/61ejRvTN5pL._AC_UL320_.jpg
"NIVEA SUN Lotion, UVA & UVB Sunscreen Protection, Protect & Moisture, SPF 30, 200ml",410.0,https://m.media-amazon.com/images/I/61ejRvTN5pL._AC_UL320_.jpg
"NIVEA SUN Lotion, UVA & UVB Sunscreen Protection, Protect & Moisture, SPF 30, 200ml",410.0,https://m.media-amazon.com/images/I/61ejRvTN5pL._AC_UL320_.jpg
"NIVEA SUN Lotion, UVA & UVB Sunscreen Protection, Protect & Moisture, SPF 30, 200ml",410.0,https://m.media-amazon.com/images/I/61ejRvTN5pL._AC_UL320_.jpg
"NIVEA SUN Lotion, UVA & UVB Sunscreen Protection, Protect & Moisture, SPF 30, 200ml",410.0,https://m.media-amazon.com/images/I/61ejRvTN5pL._AC_UL320_.jpg
"NIVEA SUN Lotion, UVA & UVB Sunscreen Protection, Protect & Moisture, SPF 30, 200ml",410.0,https://m.media-amazon.com/images/I/61ejRvTN5pL._AC_UL320_.jpg
farm stay FARMSTAY OIL-FREE UV DEFENCE SUN CREAM SSC001,433.3,https://m.media-amazon.com/images/I/51+timhSGDL._AC_UL320_.jpg
farm stay FARMSTAY OIL-FREE UV DEFENCE SUN CREAM SSC001,433.3,https://m.media-amazon.com/images/I/51+timhSGDL._AC_UL320_.jpg
farm stay FARMSTAY OIL-FREE UV DEFENCE SUN CREAM SSC001,433.3,https://m.media-amazon.com/images/I/51+timhSGDL._AC_UL320_.jpg
Beesline Ultra Sunscreen Cream Invisible Sunfilter SPF50+ UVA / UVB Protection (1+1) Promo Pack - 60 ml,449.0,https://m.media-amazon.com/images/I/71eDnJMR4+L._AC_UL320_.jpg
Beesline Ultra Sunscreen Cream Invisible Sunfilter SPF50+ UVA / UVB Protection (1+1) Promo Pack - 60 ml,449.0,https://m.media-amazon.com/images/I/71eDnJMR4+L._AC_UL320_.jpg
Beesline Ultra Sunscreen Cream Invisible Sunfilter SPF50+ UVA / UVB Protection (1+1) Promo Pack - 60 ml,449.0,https://m.media-amazon.com/images/I/71eDnJMR4+L._AC_UL320_.jpg
"Saly Jolie Beach Essentials Sunscreen for Ultimate Protection, Set of Sunblock 50 SPF with Hyaluronic Acid & Anti-Shine Dry Touch Gel-Cream, 120ml",458.0,https://m.media-amazon.com/images/I/615eSbqByqL._AC_UL320_.jpg
"Saly Jolie Beach Essentials Sunscreen for Ultimate Protection, Set of Sunblock 50 SPF with Hyaluronic Acid & Anti-Shine Dry Touch Gel-Cream, 120ml",458.0,https://m.media-amazon.com/images/I/615eSbqByqL._AC_UL320_.jpg
"Saly Jolie Beach Essentials Sunscreen for Ultimate Protection, Set of Sunblock 50 SPF with Hyaluronic Acid & Anti-Shine Dry Touch Gel-Cream, 120ml",458.0,https://m.media-amazon.com/images/I/615eSbqByqL._AC_UL320_.jpg
"Eucerin Face Sunscreen Oil Control Gel-Cream Dry Touch, High UVA/UVB Protection, SPF 50+, Light Texture Sun Protection, Suitable Under Make-Up, For Oily Acne-Prone Skin, 50ml",699.0,https://m.media-amazon.com/images/I/71xDOGcFROL._AC_UL320_.jpg
"Eucerin Sunscreen Hydro Protect Face Ultra Light Fluid, High UVA/UVB Protection, SPF 50+, Suitable for Daily Use, Non sticky, Non Greasy, Suitable for All Skin Types, 50ml",699.0,https://m.media-amazon.com/images/I/71EJZMCfnlL._AC_UL320_.jpg
"Eucerin Sunscreen Hydro Protect Face Ultra Light Fluid, High UVA/UVB Protection, SPF 50+, Suitable for Daily Use, Non sticky, Non Greasy, Suitable for All Skin Types, 50ml",699.0,https://m.media-amazon.com/images/I/71EJZMCfnlL._AC_UL320_.jpg
"Eucerin Sun Cream Facial Sunscreen, High UVA/UVB Protection, SPF 50+, Water-Resistant, Fragrance-Free, Sun Protection For Sensitive and Dry Skin, Suitable for Atopic Skin, 50ml",699.0,https://m.media-amazon.com/images/I/61lS8hwARDL._AC_UL320_.jpg
"Eucerin Face Sunscreen Oil Control Gel-Cream Dry Touch, High UVA/UVB Protection, SPF 50+, Light Texture Sun Protection, Suitable Under Make-Up, For Oily Acne-Prone Skin, 50ml",699.0,https://m.media-amazon.com/images/I/71xDOGcFROL._AC_UL320_.jpg
"Eucerin Face Sunscreen Even Pigment Perfector Hyperpigmentation Sun Fluid with Thiamidol, High UVA/UVB Protection, SPF 50+, Reduces Dark Spots, For All Skin Types, 50ml",699.0,https://m.media-amazon.com/images/I/61CfX+NWxnL._AC_UL320_.jpg
"Eucerin Face Sunscreen Even Pigment Perfector Hyperpigmentation Sun Fluid with Thiamidol, High UVA/UVB Protection, SPF 50+, Reduces Dark Spots, For All Skin Types, 50ml",699.0,https://m.media-amazon.com/images/I/61CfX+NWxnL._AC_UL320_.jpg
"Eucerin Sunscreen Hydro Protect Face Ultra Light Fluid, High UVA/UVB Protection, SPF 50+, Suitable for Daily Use, Non sticky, Non Greasy, Suitable for All Skin Types, 50ml",699.0,https://m.media-amazon.com/images/I/71EJZMCfnlL._AC_UL320_.jpg
"Eucerin Sunscreen Hydro Protect Face Ultra Light Fluid, High UVA/UVB Protection, SPF 50+, Suitable for Daily Use, Non sticky, Non Greasy, Suitable for All Skin Types, 50ml",699.0,https://m.media-amazon.com/images/I/71EJZMCfnlL._AC_UL320_.jpg
"Eucerin Face Sunscreen Even Pigment Perfector Hyperpigmentation Sun Fluid with Thiamidol, High UVA/UVB Protection, SPF 50+, Reduces Dark Spots, For All Skin Types, 50ml",699.0,https://m.media-amazon.com/images/I/61CfX+NWxnL._AC_UL320_.jpg
"Eucerin Sunscreen Hydro Protect Face Ultra Light Fluid, High UVA/UVB Protection, SPF 50+, Suitable for Daily Use, Non sticky, Non Greasy, Suitable for All Skin Types, 50ml",699.0,https://m.media-amazon.com/images/I/71EJZMCfnlL._AC_UL320_.jpg
"Eucerin Face Sunscreen Photoaging Control Anti-Age Sun Fluid, High UVA/UVB Protection, SPF 50, Reduces Appearance of Wrinkles, Suitable as Make-Up Base, For All Skin Types, 50ml",699.0,https://m.media-amazon.com/images/I/71L8CgK7L7L._AC_UL320_.jpg
"Eucerin Sunscreen Hydro Protect Face Ultra Light Fluid, High UVA/UVB Protection, SPF 50+, Suitable for Daily Use, Non sticky, Non Greasy, Suitable for All Skin Types, 50ml",699.0,https://m.media-amazon.com/images/I/71EJZMCfnlL._AC_UL320_.jpg
"Eucerin Face Sunscreen Even Pigment Perfector Hyperpigmentation Sun Fluid with Thiamidol, High UVA/UVB Protection, SPF 50+, Reduces Dark Spots, For All Skin Types, 50ml",699.0,https://m.media-amazon.com/images/I/61CfX+NWxnL._AC_UL320_.jpg
"Eucerin Sun Cream Facial Sunscreen, High UVA/UVB Protection, SPF 50+, Water-Resistant, Fragrance-Free, Sun Protection For Sensitive and Dry Skin, Suitable for Atopic Skin, 50ml",699.0,https://m.media-amazon.com/images/I/61lS8hwARDL._AC_UL320_.jpg
"Eucerin Face Sunscreen Oil Control Gel-Cream Dry Touch, High UVA/UVB Protection, SPF 50+, Light Texture Sun Protection, Suitable Under Make-Up, For Oily Acne-Prone Skin, 50ml",699.0,https://m.media-amazon.com/images/I/71xDOGcFROL._AC_UL320_.jpg
"Eucerin Face Sunscreen Photoaging Control Anti-Age Sun Fluid, High UVA/UVB Protection, SPF 50, Reduces Appearance of Wrinkles, Suitable as Make-Up Base, For All Skin Types, 50ml",699.0,https://m.media-amazon.com/images/I/71L8CgK7L7L._AC_UL320_.jpg
"Eucerin Face Sunscreen Even Pigment Perfector Hyperpigmentation Sun Fluid with Thiamidol, High UVA/UVB Protection, SPF 50+, Reduces Dark Spots, For All Skin Types, 50ml",699.0,https://m.media-amazon.com/images/I/61CfX+NWxnL._AC_UL320_.jpg
"Eucerin Face Sunscreen Photoaging Control Anti-Age Sun Fluid, High UVA/UVB Protection, SPF 50, Reduces Appearance of Wrinkles, Suitable as Make-Up Base, For All Skin Types, 50ml",699.0,https://m.media-amazon.com/images/I/71L8CgK7L7L._AC_UL320_.jpg
"Eucerin Sun Cream Facial Sunscreen, High UVA/UVB Protection, SPF 50+, Water-Resistant, Fragrance-Free, Sun Protection For Sensitive and Dry Skin, Suitable for Atopic Skin, 50ml",699.0,https://m.media-amazon.com/images/I/61lS8hwARDL._AC_UL320_.jpg
"Eucerin Face Sunscreen Oil Control Gel-Cream Dry Touch, High UVA/UVB Protection, SPF 50+, Light Texture Sun Protection, Suitable Under Make-Up, For Oily Acne-Prone Skin, 50ml",699.0,https://m.media-amazon.com/images/I/71xDOGcFROL._AC_UL320_.jpg
"Eucerin Face Sunscreen Even Pigment Perfector Hyperpigmentation Sun Fluid with Thiamidol, High UVA/UVB Protection, SPF 50+, Reduces Dark Spots, For All Skin Types, 50ml",699.0,https://m.media-amazon.com/images/I/61CfX+NWxnL._AC_UL320_.jpg
"Eucerin Face Sunscreen Oil Control Gel-Cream Dry Touch, High UVA/UVB Protection, SPF 50+, Light Texture Sun Protection, Suitable Under Make-Up, For Oily Acne-Prone Skin, 50ml",699.0,https://m.media-amazon.com/images/I/71xDOGcFROL._AC_UL320_.jpg
"Eucerin Face Sunscreen Oil Control Gel-Cream Dry Touch, High UVA/UVB Protection, SPF 50+, Light Texture Sun Protection, Suitable Under Make-Up, For Oily Acne-Prone Skin, 50ml",699.0,https://m.media-amazon.com/images/I/71xDOGcFROL._AC_UL320_.jpg
"NIVEA SUN Kids Lotion, UVA & UVB Protection, Protect & Play Moisturizing, SPF 50+, 200ml",741.35,https://m.media-amazon.com/images/I/619NR5sSWDL._AC_UL320_.jpg
"NIVEA SUN Kids Lotion, UVA & UVB Protection, Protect & Play Moisturizing, SPF 50+, 200ml",741.35,https://m.media-amazon.com/images/I/619NR5sSWDL._AC_UL320_.jpg
"NIVEA SUN Kids Lotion, UVA & UVB Protection, Protect & Play Moisturizing, SPF 50+, 200ml",741.35,https://m.media-amazon.com/images/I/619NR5sSWDL._AC_UL320_.jpg
"NIVEA SUN Spray, UVA & UVB Protection, Protect & Moisture, SPF 30, 200ml",753.0,https://m.media-amazon.com/images/I/61073YRCikS._AC_UL320_.jpg
"NIVEA SUN Spray, UVA & UVB Protection, Protect & Moisture, SPF 30, 200ml",753.0,https://m.media-amazon.com/images/I/61073YRCikS._AC_UL320_.jpg
"NIVEA SUN Spray, UVA & UVB Protection, Protect & Moisture, SPF 30, 200ml",753.0,https://m.media-amazon.com/images/I/61073YRCikS._AC_UL320_.jpg
"NIVEA SUN Spray, UVA & UVB Protection, Protect & Moisture, SPF 30, 200ml",753.0,https://m.media-amazon.com/images/I/61073YRCikS._AC_UL320_.jpg
"NIVEA SUN Spray, UVA & UVB Protection, Protect & Moisture, SPF 30, 200ml",753.0,https://m.media-amazon.com/images/I/61073YRCikS._AC_UL320_.jpg
"NIVEA SUN Spray, UVA & UVB Protection, Protect & Moisture, SPF 30, 200ml",753.0,https://m.media-amazon.com/images/I/61073YRCikS._AC_UL320_.jpg
"COSRX Ultra-Light Invisible Sunscreen | SPF50 PA++++, No White Cast, Lightweight & Fast-Absorbing, UV Protection, Hydration boost sunscreen for Sun-Damaged, dry skin. Aloe and Witch Hazel leaf water",825.0,https://m.media-amazon.com/images/I/61g8ze-pgsL._AC_UL320_.jpg
"COSRX Ultra-Light Invisible Sunscreen | SPF50 PA++++, No White Cast, Lightweight & Fast-Absorbing, UV Protection, Hydration boost sunscreen for Sun-Damaged, dry skin. Aloe and Witch Hazel leaf water",825.0,https://m.media-amazon.com/images/I/61g8ze-pgsL._AC_UL320_.jpg
"COSRX Ultra-Light Invisible Sunscreen | SPF50 PA++++, No White Cast, Lightweight & Fast-Absorbing, UV Protection, Hydration boost sunscreen for Sun-Damaged, dry skin. Aloe and Witch Hazel leaf water",825.0,https://m.media-amazon.com/images/I/61g8ze-pgsL._AC_UL320_.jpg
"Beauty of Joseon Relief Sun : Rice + Probiotics (50ml, 1.69fl.oz)",890.0,https://m.media-amazon.com/images/I/61DA-VH24GL._AC_UL320_.jpg
"Beauty of Joseon Relief Sun : Rice + Probiotics (50ml, 1.69fl.oz)",890.0,https://m.media-amazon.com/images/I/61DA-VH24GL._AC_UL320_.jpg
"Beauty of Joseon Relief Sun : Rice + Probiotics (50ml, 1.69fl.oz)",890.0,https://m.media-amazon.com/images/I/61DA-VH24GL._AC_UL320_.jpg
